%time,field.stamp,field.reference_magenc,field.measure_magenc
1718603625268259257,1718603625269641056,10064,64137
1718603625369472562,1718603625370641056,10067,64130
1718603625470501341,1718603625471641056,10064,64124
1718603625571090253,1718603625572641056,10064,64139
1718603625772772537,1718603625774641056,10063,64132
1718603625874200693,1718603625875641056,10064,64131
1718603625975410725,1718603625976641056,10063,64128
1718603626075994743,1718603626077641056,10066,64131
1718603626176894564,1718603626178641056,10065,64135
1718603626278094710,1718603626279641056,10067,64126
1718603626378792159,1718603626380641056,10067,64140
1718603626480145777,1718603626481445648,10065,64119
1718603626581467719,1718603626582445648,10066,64136
1718603626682227499,1718603626683445648,10064,64132
1718603626887512367,1718603626885445648,10065,64137
1718603626983753382,1718603626986445648,10064,64127
1718603627086121388,1718603627087445648,10066,64118
1718603627187236147,1718603627188445648,10064,64139
1718603627288177164,1718603627289445648,10066,64123
1718603627388921290,1718603627390445648,10064,64129
1718603627489671951,1718603627491445648,10065,64137
1718603627591705969,1718603627592445648,10068,64132
1718603627691399871,1718603627693445648,10063,64125
1718603627793253727,1718603627794445648,10068,64128
1718603627894248987,1718603627895445648,10066,64136
1718603628094864111,1718603628097445648,10066,64124
1718603628196946058,1718603628198445648,10065,64137
1718603628298251294,1718603628299445648,10067,64123
1718603628399076169,1718603628400445648,10063,64121
1718603628499888037,1718603628501445648,10066,64130
1718603628601258886,1718603628602445648,10064,64138
1718603628702077461,1718603628703445648,10066,64120
1718603628803384705,1718603628804445648,10065,64126
1718603628902804976,1718603628905445648,10064,64136
1718603629005472404,1718603629006850101,10067,64134
1718603629212628039,1718603629208850101,10064,64128
1718603629308241972,1718603629309850101,10065,64127
1718603629409255048,1718603629410850101,10066,64135
1718603629510144466,1718603629511850101,10062,64122
1718603629611127880,1718603629612850101,10065,64131
1718603629712328331,1718603629713850101,10066,64123
1718603629813208594,1718603629814850101,10067,64128
1718603629914328171,1718603629915850101,10066,64135
1718603630015434500,1718603630016850101,10066,64139
1718603630116208973,1718603630117850101,10066,64143
1718603630217286844,1718603630218850101,10065,64136
1718603630419333798,1718603630420850101,10066,64128
1718603630519986457,1718603630521850101,10066,64129
1718603630621436088,1718603630622850101,10066,64126
1718603630722245404,1718603630723850101,10065,64126
1718603630823058350,1718603630824850101,10064,64128
1718603630923677171,1718603630925850101,10065,64131
1718603631025370801,1718603631026850101,10065,64114
1718603631126267570,1718603631127850101,10066,64127
1718603631227105743,1718603631228850101,10064,64134
1718603631327939681,1718603631329850101,10064,64132
1718603631530308396,1718603631531240322,10064,64127
1718603631631553547,1718603631632240322,10064,64123
1718603631732062559,1718603631733240322,10064,64125
1718603631833359825,1718603631834240322,10064,64128
1718603631933875333,1718603631935240322,10065,64136
1718603632035233905,1718603632036240322,10064,64132
1718603632135373762,1718603632137240322,10065,64139
1718603632237272770,1718603632238240322,10064,64126
1718603632338081466,1718603632339240322,10063,64121
1718603632439128115,1718603632440240322,10066,64133
1718603632540196679,1718603632541240322,10066,64122
1718603632741947498,1718603632743240322,10066,64124
1718603632842927899,1718603632844240322,10064,64130
1718603632942708487,1718603632945240322,10065,64119
1718603633045179322,1718603633046240322,10065,64126
1718603633145312173,1718603633147240322,10064,64124
1718603633246529331,1718603633248240322,9863,63709
1718603633347811602,1718603633349240322,9369,62746
1718603633449228983,1718603633450240322,8979,61920
1718603633549613279,1718603633551240322,8584,60956
1718603633650519749,1718603633652240322,8105,59474
1718603633853120697,1718603633854240322,8067,59348
1718603633953766393,1718603633955240322,7853,58474
1718603634054375082,1718603634056307651,7180,54636
1718603634155934449,1718603634157307651,6675,50287
1718603634257630053,1718603634258307651,6199,45541
1718603634358494017,1718603634359307651,5925,43226
1718603634458206274,1718603634460307651,5924,43212
1718603634560422035,1718603634561307651,5926,43199
1718603634661381078,1718603634662307651,5818,42390
1718603634761483352,1718603634763307651,5265,39179
1718603634862469817,1718603634864307651,4780,37321
1718603635064337799,1718603635066307651,3944,35172
1718603635165658685,1718603635167307651,3943,35171
1718603635266696323,1718603635268307651,3945,35160
1718603635368141456,1718603635369307651,3869,35002
1718603635469094072,1718603635470307651,3271,33830
1718603635570120057,1718603635571307651,2720,32737
1718603635671161142,1718603635672307651,2055,31430
1718603635772250394,1718603635773307651,1817,30989
1718603635873461541,1718603635874307651,1818,30988
1718603635974424585,1718603635975307651,1816,30984
1718603636180379553,1718603636177307651,927,29287
1718603636276930610,1718603636278307651,396,27984
1718603636377351737,1718603636379307651,16,26784
1718603636478664125,1718603636480307651,16179,25938
1718603636580047680,1718603636580631114,16177,25959
1718603636681419828,1718603636681631114,16176,25939
1718603636781538947,1718603636782631114,16090,25529
1718603636883151482,1718603636883631114,15542,22499
1718603636984023326,1718603636984631114,15089,18877
1718603637085191427,1718603637085631114,14733,15595
1718603637294500708,1718603637287631114,14349,12173
1718603637387814658,1718603637388631114,14349,12148
1718603637489320759,1718603637489631114,14349,12185
1718603637590340967,1718603637590631114,13946,9161
1718603637690785746,1718603637691631114,13333,6010
1718603637791763766,1718603637792631114,12831,4314
1718603637892940028,1718603637893631114,12472,3397
1718603637994413848,1718603637994631114,12352,3137
1718603638094368939,1718603638095631114,12350,3138
1718603638195190392,1718603638196631114,12350,3142
1718603638296792483,1718603638297631114,11885,2201
1718603638503298470,1718603638499631114,10756,5
1718603638599785764,1718603638600631114,10284,64562
1718603638701061869,1718603638701631114,10172,64336
1718603638801730052,1718603638802631114,10171,64327
1718603638902922445,1718603638903631114,10170,64338
1718603639004145013,1718603639004631114,10148,64290
1718603639105419534,1718603639106450893,9745,63492
1718603639205775838,1718603639207450893,9415,62843
1718603639306942616,1718603639308450893,9202,62416
1718603639407435398,1718603639409450893,9200,62400
1718603639617254737,1718603639611450893,9202,62403
1718603639711578781,1718603639712450893,8996,61968
1718603639811718008,1718603639813450893,8555,60885
1718603639913700101,1718603639914450893,8206,59825
1718603640014029464,1718603640015450893,8143,59602
1718603640114268107,1718603640116450893,8142,59596
1718603640216082101,1718603640217450893,8142,59603
1718603640316328177,1718603640318450893,8017,59146
1718603640418075891,1718603640419450893,7551,57021
1718603640519243505,1718603640520450893,7362,55923
1718603640619943858,1718603640621450893,7339,55767
1718603640822327232,1718603640823450893,7338,55751
1718603640922363921,1718603640924450893,7340,55747
1718603641024093247,1718603641025450893,6958,52899
1718603641124541409,1718603641126450893,6682,50329
1718603641225362037,1718603641227450893,6682,50324
1718603641326918305,1718603641328450893,6680,50335
1718603641427274792,1718603641429450893,6683,50303
1718603641529011180,1718603641530450893,6681,50342
1718603641630262273,1718603641630606033,6680,50330
1718603641730324560,1718603641731606033,6681,50324
1718603641971918739,1718603641933606033,6148,45099
1718603642034519619,1718603642034606033,6009,43894
1718603642134408523,1718603642135606033,6013,43917
1718603642235886189,1718603642236606033,6011,43914
1718603642337495656,1718603642337606033,6011,43935
1718603642437344343,1718603642438606033,6012,43927
1718603642539524174,1718603642539606033,6012,43901
1718603642640236732,1718603642640606033,5817,42376
1718603642740549190,1718603642741606033,5397,39834
1718603642842786817,1718603642842606033,5182,38818
1718603642942361430,1718603642943606033,5161,38729
1718603643145245449,1718603643145606033,5164,38736
1718603643246386606,1718603643246606033,5164,38738
1718603643346486608,1718603643347606033,5015,38137
1718603643447831385,1718603643448606033,4574,36682
1718603643549357828,1718603643549606033,4280,35926
1718603643650457593,1718603643650606033,4098,35512
1718603643750510323,1718603643751606033,4097,35510
1718603643851831978,1718603643852606033,4097,35494
1718603643953562914,1718603643953606033,3994,35276
1718603644053372945,1718603644054606033,3468,34193
1718603644261483402,1718603644258075979,3029,33353
1718603644357500693,1718603644359075979,3029,33351
1718603644457519914,1718603644460075979,3026,33357
1718603644558564324,1718603644561075979,2993,33288
1718603644660208154,1718603644662075979,2510,32314
1718603644761511392,1718603644763075979,2061,31433
1718603644862491310,1718603644864075979,1767,30898
1718603644962767184,1718603644965075979,1764,30888
1718603645064249794,1718603645066075979,1765,30882
1718603645165636334,1718603645167075979,1763,30878
1718603645266336843,1718603645268075979,1338,30104
1718603645467466456,1718603645470075979,677,28719
1718603645569288180,1718603645571075979,662,28687
1718603645670354825,1718603645672075979,659,28697
1718603645770972196,1718603645773075979,660,28674
1718603645872064798,1718603645874075979,659,28681
1718603645972610980,1718603645975075979,243,27552
1718603646074208444,1718603646076075979,16208,26085
1718603646175653681,1718603646177075979,16014,25206
1718603646276170354,1718603646278075979,15889,24582
1718603646377339299,1718603646379075979,15889,24578
1718603646584562572,1718603646581075979,15891,24575
1718603646680145993,1718603646682075979,15753,23799
1718603646781428161,1718603646783075979,15272,20445
1718603646881541167,1718603646884075979,14922,17389
1718603646982639597,1718603646985075979,14740,15687
1718603647084446159,1718603647086075979,14736,15639
1718603647184991266,1718603647187075979,14736,15635
1718603647286444652,1718603647288075979,14735,15640
1718603647386521304,1718603647389075979,14728,15557
1718603647487207906,1718603647490075979,14333,12022
1718603647589054818,1718603647591075979,13928,9039
1718603647790577840,1718603647793075979,13520,6822
1718603647892048604,1718603647894075979,13521,6818
1718603647992799388,1718603647995075979,13520,6816
1718603648094302925,1718603648096075979,13523,6815
1718603648195341773,1718603648197075979,13186,5442
1718603648296194441,1718603648298075979,12703,3970
1718603648396596226,1718603648399075979,12425,3299
1718603648498604830,1718603648500075979,12393,3217
1718603648599710557,1718603648601075979,12391,3224
1718603648700370278,1718603648702075979,12390,3225
1718603648907085083,1718603648904075979,11930,2284
1718603649002639164,1718603649005075979,11412,1305
1718603649104164722,1718603649106075979,11036,594
1718603649205273555,1718603649205922224,11025,549
1718603649306508725,1718603649306922224,11022,546
1718603649406499318,1718603649407922224,11022,549
1718603649507645059,1718603649508922224,10938,375
1718603649609162608,1718603649609922224,10417,64843
1718603649709667731,1718603649710922224,9968,63927
1718603649811852857,1718603649811922224,9853,63692
1718603649911974074,1718603649912922224,9849,63708
1718603650114102694,1718603650114922224,9852,63694
1718603650214301991,1718603650215922224,9557,63118
1718603650316187960,1718603650316922224,9054,62075
1718603650416321542,1718603650417922224,8770,61446
1718603650516934016,1718603650518922224,8771,61424
1718603650618636091,1718603650619922224,8772,61440
1718603650719449494,1718603650720922224,8774,61441
1718603650819856583,1718603650821922224,8622,61048
1718603650921464235,1718603650922922224,7986,59005
1718603651022655346,1718603651023922224,7529,56892
1718603651230346916,1718603651225922224,7512,56816
1718603651326266931,1718603651326922224,7513,56806
1718603651426928038,1718603651427922224,7416,56234
1718603651528035754,1718603651528922224,6692,50441
1718603651628989489,1718603651629922224,6186,45442
1718603651730356154,1718603651731412508,6096,44671
1718603651830149920,1718603651832412508,6094,44638
1718603651931218766,1718603651933412508,6094,44632
1718603652032381752,1718603652034412508,6096,44656
1718603652133071564,1718603652135412508,5722,41723
1718603652234314003,1718603652236412508,5153,38681
1718603652437243269,1718603652438412508,4935,37822
1718603652538150485,1718603652539412508,4933,37838
1718603652638615801,1718603652640412508,4931,37829
1718603652739929482,1718603652741412508,4588,36734
1718603652841379922,1718603652842412508,3990,35262
1718603652942702359,1718603652943412508,3527,34320
1718603653042576567,1718603653044412508,3456,34171
1718603653143570449,1718603653145412508,3455,34173
1718603653245429945,1718603653246412508,3456,34178
1718603653346504670,1718603653347412508,3455,34181
1718603653552136474,1718603653549412508,2482,32261
1718603653649369388,1718603653650412508,2293,31893
1718603653749621050,1718603653751412508,2294,31891
1718603653850555988,1718603653852412508,2297,31891
1718603653951643384,1718603653953412508,2295,31894
1718603654052633436,1718603654054412508,2228,31752
1718603654154413967,1718603654155412508,1627,30638
1718603654255338850,1718603654255815841,1125,29696
1718603654355697763,1718603654356815841,956,29356
1718603654457290707,1718603654457815841,954,29357
1718603654666578692,1718603654659815841,957,29354
1718603654760016230,1718603654760815841,685,28740
1718603654861587227,1718603654861815841,143,27241
1718603654961487948,1718603654962815841,16230,26150
1718603655062630411,1718603655063815841,16228,26150
1718603655164034994,1718603655164815841,16227,26176
1718603655265293087,1718603655265815841,16226,26155
1718603655366334467,1718603655366815841,16226,26145
1718603655466481502,1718603655467815841,15777,23951
1718603655568286301,1718603655568815841,15318,20813
1718603655669296569,1718603655669815841,15103,18993
1718603655876443957,1718603655871815841,15063,18666
1718603655971593370,1718603655972815841,15063,18667
1718603656073445556,1718603656073815841,15052,18567
1718603656174395957,1718603656174815841,14547,13914
1718603656275316035,1718603656275815841,14007,9522
1718603656375417473,1718603656376815841,13788,8205
1718603656477212331,1718603656477815841,13788,8219
1718603656578454553,1718603656578815841,13790,8209
1718603656678223492,1718603656679815841,13788,8221
1718603656779601310,1718603656781779863,13588,7138
1718603656987457895,1718603656983779863,12750,4100
1718603657082551468,1718603657084779863,12731,4038
1718603657184194741,1718603657185779863,12729,4045
1718603657285259588,1718603657286779863,12732,4036
1718603657386924289,1718603657387779863,12732,4049
1718603657487624833,1718603657488779863,12464,3393
1718603657588172302,1718603657589779863,11937,2304
1718603657688771376,1718603657690779863,11631,1716
1718603657790387145,1718603657791779863,11606,1668
1718603657890531344,1718603657892779863,11605,1671
1718603657991429440,1718603657993779863,11606,1671
1718603658194100108,1718603658195779863,11358,1202
1718603658294641963,1718603658296779863,10938,394
1718603658396029950,1718603658397779863,10661,65357
1718603658496883792,1718603658498779863,10614,65237
1718603658598249340,1718603658599779863,10613,65254
1718603658698726738,1718603658700779863,10612,65255
1718603658799817612,1718603658801779863,10613,65264
1718603658901568842,1718603658902779863,10436,64886
1718603659002534037,1718603659003779863,9951,63911
1718603659102712553,1718603659104779863,9727,63441
1718603659309870052,1718603659305927373,9634,63267
1718603659407006191,1718603659406927373,9634,63276
1718603659506824792,1718603659507927373,9632,63279
1718603659608086729,1718603659608927373,9434,62881
1718603659708135941,1718603659709927373,8863,61652
1718603659809586707,1718603659810927373,8506,60747
1718603659911682170,1718603659911927373,8488,60681
1718603660012146026,1718603660012927373,8489,60678
1718603660112547827,1718603660113927373,8490,60696
1718603660214533075,1718603660214927373,8487,60687
1718603660315411851,1718603660315927373,8138,59589
1718603660516494989,1718603660517927373,7528,56882
1718603660618719333,1718603660618927373,7525,56878
1718603660719345137,1718603660719927373,7528,56890
1718603660819749784,1718603660820927373,7526,56909
1718603660921366273,1718603660921927373,7130,54293
1718603661022515472,1718603661022927373,6396,47458
1718603661122729248,1718603661123927373,5989,43705
1718603661224004276,1718603661224927373,5955,43437
1718603661325127806,1718603661325927373,5950,43447
1718603661425532307,1718603661426927373,5952,43417
1718603661527507610,1718603661527927373,5953,43422
1718603661728664909,1718603661729927373,5049,38244
1718603661830621062,1718603661833778001,4695,37050
1718603661930738248,1718603661934778001,4673,36990
1718603662031893483,1718603662035778001,4668,36990
1718603662132338904,1718603662136778001,4669,36980
1718603662234391911,1718603662237778001,4653,36921
1718603662335702718,1718603662338778001,4094,35496
1718603662435644228,1718603662439778001,3555,34377
1718603662537671114,1718603662540778001,3285,33856
1718603662638096757,1718603662641778001,3290,33862
1718603662840070006,1718603662843778001,3281,33847
1718603662941233706,1718603662944778001,2875,33049
1718603663042464546,1718603663045778001,2353,32000
1718603663142649056,1718603663146778001,2106,31530
1718603663244289533,1718603663247778001,2104,31528
1718603663345514903,1718603663348778001,2106,31519
1718603663447163424,1718603663449778001,2103,31535
1718603663547978743,1718603663550778001,1882,31108
1718603663647924821,1718603663651778001,1337,30107
1718603663749273526,1718603663752778001,889,29205
1718603663957191005,1718603663954778001,798,29003
1718603664052074478,1718603664055778001,800,29018
1718603664152735118,1718603664156778001,797,29010
1718603664254257889,1718603664257778001,433,28097
1718603664354790241,1718603664356084205,16237,26184
1718603664455986998,1718603664457084205,15973,25016
1718603664557393114,1718603664558084205,15975,25012
1718603664659015014,1718603664659084205,15970,25000
1718603664758552386,1718603664760084205,15974,25003
1718603664859862558,1718603664861084205,15840,24312
1718603664961197287,1718603664962084205,15279,20511
1718603665162969715,1718603665164084205,14587,14268
1718603665264772977,1718603665265084205,14588,14269
1718603665365356281,1718603665366084205,14587,14279
1718603665466588816,1718603665467084205,14588,14245
1718603665566681772,1718603665568084205,14393,12507
1718603665667730720,1718603665669084205,13876,8729
1718603665769494148,1718603665770084205,13396,6257
1718603665870990712,1718603665871084205,13376,6154
1718603665970724720,1718603665972084205,13374,6155
1718603666072054246,1718603666073084205,13376,6167
1718603666278826019,1718603666275084205,12996,4773
1718603666374730550,1718603666376084205,12441,3333
1718603666475983009,1718603666477084205,12200,2807
1718603666577529127,1718603666578084205,12199,2824
1718603666677878886,1718603666679084205,12201,2816
1718603666778944825,1718603666780084205,12200,2823
1718603666880033921,1718603666881265975,12112,2641
1718603666981455772,1718603666982265975,11620,1685
1718603667082359377,1718603667083265975,11204,913
1718603667183595103,1718603667184265975,10961,434
1718603667284160441,1718603667285265975,10961,435
1718603667486065796,1718603667487265975,10960,439
1718603667586748279,1718603667588265975,10780,52
1718603667687648786,1718603667689265975,10274,64542
1718603667789026214,1718603667790265975,9871,63730
1718603667889706720,1718603667891265975,9848,63698
1718603667990902155,1718603667992265975,9849,63682
1718603668092651752,1718603668093265975,9849,63700
1718603668193518488,1718603668194265975,9848,63693
1718603668294266432,1718603668295265975,9466,62940
1718603668395057856,1718603668396265975,8920,61774
1718603668602794734,1718603668598265975,8715,61297
1718603668697589725,1718603668699265975,8714,61289
1718603668798682006,1718603668800265975,8713,61287
1718603668900062822,1718603668901265975,8329,60230
1718603669000577153,1718603669002265975,7728,57908
1718603669102369892,1718603669103265975,7345,55814
1718603669203963909,1718603669204265975,7345,55825
1718603669304050442,1718603669305265975,7345,55822
1718603669405232620,1718603669407178737,7345,55794
1718603669505621831,1718603669508178737,7108,54109
1718603669607458975,1718603669609178737,6411,47626
1718603669809423189,1718603669811178737,5873,42805
1718603669910807518,1718603669912178737,5871,42802
1718603670011384500,1718603670013178737,5873,42815
1718603670112948213,1718603670114178737,5846,42604
1718603670212136027,1718603670215178737,5304,39381
1718603670314585505,1718603670316178737,4858,37558
1718603670414739661,1718603670417178737,4637,36882
1718603670516041983,1718603670518178737,4638,36895
1718603670617632075,1718603670619178737,4638,36875
1718603670717603461,1718603670720178737,4613,36795
1718603670919245256,1718603670922178737,3795,34861
1718603671021345404,1718603671023178737,3798,34854
1718603671122645635,1718603671124178737,3798,34858
1718603671222473086,1718603671225178737,3797,34864
1718603671324965211,1718603671326178737,3795,34858
1718603671424591989,1718603671427178737,3793,34858
1718603671526818863,1718603671528178737,3797,34870
1718603671627344896,1718603671629178737,3796,34863
1718603671727604270,1718603671730178737,3795,34866
1718603671829259546,1718603671831178737,3795,34866
1718603672036435522,1718603672031934288,3796,34868
1718603672131808913,1718603672132934288,3796,34869
1718603672233547488,1718603672233934288,3796,34862
1718603672334482074,1718603672334934288,3795,34863
1718603672436079293,1718603672435934288,3795,34861
1718603672536323993,1718603672536934288,3796,34859
1718603672637183441,1718603672637934288,3797,34855
1718603672737945886,1718603672738934288,3796,34855
1718603672839696109,1718603672839934288,3798,34858
1718603672940144133,1718603672940934288,3795,34862
1718603673041555135,1718603673041934288,3796,34864
1718603673249842837,1718603673243934288,3795,34868
1718603673343765717,1718603673344934288,3796,34861
1718603673445397726,1718603673445934288,3797,34858
1718603673546588548,1718603673546934288,3796,34851
1718603673647071021,1718603673647934288,3795,34859
1718603673746717663,1718603673748934288,3797,34858
1718603673849658668,1718603673849934288,3796,34865
1718603673950376085,1718603673950934288,3796,34858
1718603674051866687,1718603674051934288,3797,34862
1718603674152699336,1718603674152934288,3795,34865
1718603674252151792,1718603674253934288,3797,34855
1718603674358284435,1718603674354934288,3797,34854
1718603674454720224,1718603674455934288,3799,34860
1718603674555840422,1718603674556934288,3797,34863
1718603674657608250,1718603674657934288,3796,34854
1718603674758896753,1718603674758934288,3798,34867
1718603674859840651,1718603674859934288,3797,34846
1718603674960420603,1718603674960934288,3796,34853
1718603675061359751,1718603675061934288,3796,34862
1718603675162587423,1718603675162934288,3798,34854
1718603675264096210,1718603675263934288,3796,34855
1718603675363800610,1718603675364934288,3798,34863
1718603675566134145,1718603675566934288,3797,34850
1718603675667398164,1718603675667934288,3798,34857
1718603675768040785,1718603675768934288,3797,34867
1718603675869274673,1718603675869934288,3796,34862
1718603675970651565,1718603675970934288,3796,34859
1718603676071764233,1718603676071934288,3798,34861
1718603676171866798,1718603676172934288,3798,34855
1718603676273429084,1718603676273934288,3795,34853
1718603676374665567,1718603676374934288,3797,34864
1718603676474509907,1718603676475934288,3794,34850
1718603676576048444,1718603676576934288,3796,34863
1718603676777755270,1718603676778934288,3797,34864
1718603676879010959,1718603676879934288,3798,34857
1718603676979834023,1718603676981064893,3796,34854
1718603677081565672,1718603677082064893,3796,34858
1718603677182163255,1718603677183064893,3798,34856
1718603677283471836,1718603677284064893,3796,34854
1718603677384023446,1718603677385064893,3797,34860
1718603677484660918,1718603677486064893,3797,34858
1718603677585933061,1718603677587064893,3799,34859
1718603677687125976,1718603677688064893,3795,34866
1718603677889634974,1718603677890064893,3797,34861
1718603677989617102,1718603677991064893,3797,34860
1718603678090892690,1718603678092064893,3795,34862
1718603678192870517,1718603678193064893,3797,34867
1718603678292423475,1718603678294064893,3795,34857
1718603678394617071,1718603678395064893,3796,34856
1718603678495607846,1718603678496064893,3797,34860
1718603678595969195,1718603678597064893,3795,34861
1718603678696949370,1718603678698064893,3799,34861
1718603678798602998,1718603678799064893,3795,34861
1718603678899811814,1718603678900064893,3796,34859
1718603679101489048,1718603679102064893,3796,34858
1718603679202042891,1718603679203064893,3795,34855
1718603679303993369,1718603679304064893,3796,34857
1718603679404459238,1718603679405064893,3798,34865
1718603679504666608,1718603679507431604,3794,34849
1718603679606950802,1718603679608431604,3799,34863
1718603679708257861,1718603679709431604,3795,34863
1718603679807917930,1718603679810431604,3796,34856
1718603679909772451,1718603679911431604,3796,34864
1718603680011004544,1718603680012431604,3797,34856
1718603680211965525,1718603680214431604,3796,34857
1718603680313572593,1718603680315431604,3797,34859
1718603680414361166,1718603680416431604,3797,34863
1718603680515740623,1718603680517431604,3796,34863
1718603680615916748,1718603680618431604,3795,34864
1718603680717040877,1718603680719431604,3796,34858
1718603680818616916,1718603680820431604,3794,34861
1718603680919692734,1718603680921431604,3796,34853
1718603681018724361,1718603681022431604,3795,34864
1718603681121377240,1718603681123431604,3796,34861
1718603681328924604,1718603681325431604,3796,34866
1718603681424105845,1718603681426431604,3796,34867
1718603681525047436,1718603681527431604,3796,34861
1718603681627046430,1718603681628431604,3796,34862
1718603681727674736,1718603681729431604,3797,34871
1718603681827951487,1718603681830431604,3797,34858
1718603681929693137,1718603681931431604,3796,34858
1718603682030637466,1718603682031482555,3798,34854
1718603682132011998,1718603682132482555,3796,34866
1718603682232975826,1718603682233482555,3796,34865
1718603682331614838,1718603682334482555,3794,34863
1718603682535165253,1718603682536482555,3795,34860
1718603682636287242,1718603682637482555,3797,34857
1718603682737428470,1718603682738482555,3794,34861
1718603682838398517,1718603682839482555,3797,34856
1718603682938887540,1718603682940482555,3798,34847
1718603683040010108,1718603683041482555,3796,34861
1718603683141411938,1718603683142482555,3795,34858
1718603683242116067,1718603683243482555,3795,34859
1718603683343837470,1718603683344482555,3796,34864
1718603683443964666,1718603683445482555,3794,34855
1718603683652380386,1718603683647482555,3796,34867
1718603683747376491,1718603683748482555,3793,34861
1718603683847939534,1718603683849482555,3795,34856
1718603683949124718,1718603683950482555,3796,34865
1718603684050016759,1718603684051482555,3798,34857
1718603684151654133,1718603684152482555,3796,34867
1718603684251844656,1718603684253482555,3797,34856
1718603684353270726,1718603684354482555,3796,34861
1718603684454451020,1718603684455482555,3797,34860
1718603684555690484,1718603684556640960,3797,34859
1718603684656985387,1718603684657640960,3798,34859
1718603684858308902,1718603684859640960,3795,34861
1718603684959860648,1718603684960640960,3797,34867
1718603685060026344,1718603685061640960,3796,34857
1718603685161208285,1718603685162640960,3799,34860
1718603685262496291,1718603685263640960,3795,34850
1718603685363760474,1718603685364640960,3795,34857
1718603685464933261,1718603685465640960,3795,34865
1718603685565686274,1718603685566640960,3797,34866
1718603685666522128,1718603685667640960,3797,34856
1718603685767764560,1718603685768640960,3795,34853
1718603685974441168,1718603685970640960,3796,34864
1718603686069945688,1718603686071640960,3797,34863
1718603686171759727,1718603686172640960,3796,34858
1718603686272036723,1718603686273640960,3796,34862
1718603686373116045,1718603686374640960,3796,34868
1718603686474836904,1718603686475640960,3797,34851
1718603686575327087,1718603686576640960,3796,34863
1718603686677214131,1718603686677640960,3795,34860
1718603686776789624,1718603686778640960,3798,34853
1718603686878999483,1718603686879640960,3797,34868
1718603686979413790,1718603686980640960,3795,34849
1718603687180770989,1718603687183318880,3797,34863
1718603687282575062,1718603687284318880,3794,34856
1718603687383166012,1718603687385318880,3794,34859
1718603687483005668,1718603687486318880,3799,34865
1718603687585262234,1718603687587318880,3796,34853
1718603687685698252,1718603687688318880,3798,34863
1718603687786933741,1718603687789318880,3796,34847
1718603687887695988,1718603687890318880,3797,34855
1718603687989413049,1718603687991318880,3796,34861
1718603688090394206,1718603688092318880,3795,34858
1718603688296911634,1718603688294318880,3797,34862
1718603688393028128,1718603688395318880,3796,34864
1718603688494894032,1718603688496318880,3797,34865
1718603688595658336,1718603688597318880,3798,34854
1718603688695573152,1718603688698318880,3795,34860
